Website,Last Checked,Last Updated,Active
https://podcastindex.org/podcast/1193578,2026-06-22 07:51:42,Unknown,Unknown
https://podcastindex.org/podcast/5573682,2026-06-22 07:51:42,Unknown,Unknown
https://podcastindex.org/podcast/408993?episode=17888545940,2026-06-22 07:51:42,Unknown,Unknown
https://podcastindex.org/podcast/334739,2026-06-22 07:51:42,Unknown,Unknown
https://podcastindex.org/podcast/454880,2026-06-22 07:51:42,Unknown,Unknown
https://podcastindex.org/podcast/577105,2026-06-22 07:51:42,Unknown,Unknown
https://podcastindex.org/podcast/223607,2026-06-22 07:51:42,Unknown,Unknown
https://podcastindex.org/podcast/344898,2026-06-22 07:51:42,Unknown,Unknown
https://podcastindex.org/podcast/1021915,2026-06-22 07:51:42,Unknown,Unknown
https://podcastindex.org/podcast/460150,2026-06-22 07:51:42,Unknown,Unknown
https://podcastindex.org/podcast/518991,2026-06-22 07:51:42,Unknown,Unknown
https://podcastindex.org/podcast/548735,2026-06-22 07:51:42,Unknown,Unknown
https://podcastindex.org/podcast/571906,2026-06-22 07:51:42,Unknown,Unknown
https://podcastindex.org/podcast/202764,2026-06-22 07:51:42,Unknown,Unknown
https://podcastindex.org/podcast/977160,2026-06-22 07:51:42,Unknown,Unknown
https://podcastindex.org/podcast/787162,2026-06-22 07:51:42,Unknown,Unknown
https://podcastindex.org/podcast/436683,2026-06-22 07:51:42,Unknown,Unknown
https://podcastindex.org/podcast/760301,2026-06-22 07:51:42,Unknown,Unknown
https://podcastindex.org/podcast/453614,2026-06-22 07:51:42,Unknown,Unknown
https://podcastindex.org/podcast/59892,2026-06-22 07:51:42,Unknown,Unknown
https://podcastindex.org/podcast/743510,2026-06-22 07:51:42,Unknown,Unknown
https://podcastindex.org/podcast/542370,2026-06-22 07:51:42,Unknown,Unknown
https://podcastindex.org/podcast/503232,2026-06-22 07:51:42,Unknown,Unknown
https://podcastindex.org/podcast/6963123,2026-06-22 07:51:42,Unknown,Unknown
